userNumber,firstName,lastName,email,password
1,Nitin,Mehta,nitin.mehta.1@splitesy.test,PassForTestUser@1
2,Sunil,Chawla,sunil.chawla.2@splitesy.test,PassForTestUser@2
3,Yash,Bajwa,yash.bajwa.3@splitesy.test,PassForTestUser@3
4,Gaurav,Shetty,gaurav.shetty.4@splitesy.test,PassForTestUser@4
5,Sachin,Ghosh,sachin.ghosh.5@splitesy.test,PassForTestUser@5
6,Ashok,Sethi,ashok.sethi.6@splitesy.test,PassForTestUser@6
7,Sonia,Mishra,sonia.mishra.7@splitesy.test,PassForTestUser@7
8,Nitin,Sodhi,nitin.sodhi.8@splitesy.test,PassForTestUser@8
9,Rakesh,Joshi,rakesh.joshi.9@splitesy.test,PassForTestUser@9
10,Lalita,Rao,lalita.rao.10@splitesy.test,PassForTestUser@10
11,Pooja,Yadav,pooja.yadav.11@splitesy.test,PassForTestUser@11
12,Priya,Iyer,priya.iyer.12@splitesy.test,PassForTestUser@12
13,Riya,Chopra,riya.chopra.13@splitesy.test,PassForTestUser@13
14,Sunil,Bajwa,sunil.bajwa.14@splitesy.test,PassForTestUser@14
15,Kiran,Iyengar,kiran.iyengar.15@splitesy.test,PassForTestUser@15
16,Shyam,Singh,shyam.singh.16@splitesy.test,PassForTestUser@16
17,Sachin,Vohra,sachin.vohra.17@splitesy.test,PassForTestUser@17
18,Akash,Jain,akash.jain.18@splitesy.test,PassForTestUser@18
19,Rekha,Sen,rekha.sen.19@splitesy.test,PassForTestUser@19
20,Devendra,Kaur,devendra.kaur.20@splitesy.test,PassForTestUser@20
